place_id,name,first_name,email,email_status,phone,website,gbp_url,category,city,state,zip,rating,review_count,latest_review_date,hours_text,services,review_1_author,review_1_text,review_1_stars,source,fetched_at,cost_per_row_usd,niche
fx-001,BAYSIDE MOBILE DETAILING LLC,mike,mike@baysidedetail-example.com,valid,+1 813 555 2001,,https://maps.google.com/?cid=1,Car detailing service,Tampa,FL,33602,4.9,63,2026-09-30,Mon-Sat 8am-6pm,Interior detailing|Ceramic coating|Exterior wash,Dana R.,"Showed up on time and my SUV looks new, kids' juice stains and all.",5,fixture,2026-10-01,0.006,auto-detailing
fx-002,Gloss Theory Detail Studio | Ceramic Coating Orlando,,hello@glosstheory-example.com,valid,(407) 555-2002,https://facebook.com/glosstheory,https://maps.google.com/?cid=2,Auto detailing service,Orlando,FL,32801,4.8,112,,,,,,,fixture,2026-10-02,0.006,auto-detailing
fx-003,Precision Auto Spa,Laura,laura@precisionspa-example.com,valid,512-555-2003,https://precisionspa-example.com,https://maps.google.com/?cid=3,Car detailing service,Austin,TX,78701,4.7,41,,,,,,,fixture,2026-10-02,0.006,auto-detailing
fx-004,Shine Bros Detailing,Carl,carl@shinebros-example.com,catch_all,214-555-2004,,https://maps.google.com/?cid=4,Car detailing service,Dallas,TX,75201,4.9,88,,,,,,,fixture,2026-10-02,0.006,auto-detailing
fx-005,Lakeview Car Wash,,info@lakeviewwash-example.com,valid,312-555-2005,,https://maps.google.com/?cid=5,Car wash,Chicago,IL,60601,4.6,240,,,,,,,fixture,2026-10-02,0.006,
fx-006,Ziebart of Plano,,plano@ziebart-example.com,valid,972-555-2006,,https://maps.google.com/?cid=6,Car detailing service,Plano,TX,75023,4.7,300,,,,,,,fixture,2026-10-02,0.006,auto-detailing
fx-007,Mirror Finish Mobile,Jo,jo@mirrorfinish-example.com,valid,602-555-2007,,https://maps.google.com/?cid=7,Car detailing service,Phoenix,AZ,85004,4.4,77,,,,,,,fixture,2026-10-02,0.006,auto-detailing
fx-008,Clean Slate Detailing,Ana,ana@cleanslate-example.com,valid,305-555-2008,,https://maps.google.com/?cid=8,Car detailing service,Miami,FL,33130,5,9,,,,,,,fixture,2026-10-02,0.006,auto-detailing
fx-009,Old Data Detailing,Ben,ben@olddata-example.com,valid,404-555-2009,,https://maps.google.com/?cid=9,Car detailing service,Atlanta,GA,30303,4.8,55,,,,,,,fixture,2026-09-01,0.006,auto-detailing
fx-010,Bayside Mobile Detailing (dupe email),Mike,mike@baysidedetail-example.com,valid,813-555-2010,,https://maps.google.com/?cid=10,Car detailing service,Tampa,FL,33602,4.9,63,,,,,,,fixture,2026-10-01,0.006,auto-detailing
fx-011,Ridgeline Ceramic Pros,Tom,tom@ridgeline-example.com,valid,720-555-2011,ridgeline-example.com,https://maps.google.com/?cid=11,Auto detailing service,Denver,CO,80202,4.9,150,,,,,,,fixture,2026-10-02,0.006,auto-detailing
fx-012,Optout Detail Co,Sam,sam@optout-example.com,valid,615-555-2012,,https://maps.google.com/?cid=12,Car detailing service,Nashville,TN,37203,4.8,40,,,,,,,fixture,2026-10-02,0.006,auto-detailing
fx-013,Detail 360,Kim,kim@detail360-example.com,valid,(704) 555-2013,https://instagram.com/detail360,https://maps.google.com/?cid=13,Car detailing service,Charlotte,NC,28202,4.7,29,,,,,,,fixture,2026-10-02,0.006,auto-detailing
fx-014,No Phone Detailing,Lee,lee@nophone-example.com,valid,,,https://maps.google.com/?cid=14,Car detailing service,Boise,ID,83702,4.8,30,,,,,,,fixture,2026-10-02,0.006,auto-detailing
fx-015,Coastal Soft Wash,Rita,rita@coastalsoftwash-example.com,valid,(904) 555-2015,coastalsoftwash-example.com,https://maps.google.com/?cid=15,Pressure washing service,Jacksonville,FL,32202,4.9,48,,,House washing|Roof cleaning,,,,fixture,2026-10-02,0.006,exterior-cleaning
fx-016,Greenline Lawn & Landscape,Dave,dave@greenline-example.com,valid,(317) 555-2016,greenline-example.com,https://maps.google.com/?cid=16,Landscaper,Indianapolis,IN,46204,4.8,77,,,,,,,fixture,2026-10-02,0.006,landscaping-lawn-care
fx-017,Sparkle Pressure Washing,,info@sparklepw-example.com,valid,(205) 555-2017,,https://maps.google.com/?cid=17,Pressure washing service,Birmingham,AL,35203,4.9,60,,,,,,,fixture,2026-10-02,0.006,exterior-cleaning
fx-018,Hilltop Mobile Detail,Pat,pat@hilltop-example.com,valid,(503) 555-2018,,https://maps.google.com/?cid=18,Car detailing service,Portland,OR,97204,4.9,52,2026-09-30,,,,,,fixture,2026-10-02,0.006,auto-detailing
